id,category,similarity_score,original,synthetic,turkish_text
c496722a5fb94e56a757c59d41e1cfd8,Technical Support - Performance & Speed Concerns,0.8099371194839478,"{'messages': [{'role': 'agent', 'content': 'Hello, thank you for calling Union Mobile. My name is Ella, how can I assist you today?'}, {'role': 'client', 'content': ""Hi Ella, I'm calling about my data speeds. I'm not sure why, but they seem to be really slow lately. Can you help me figure out what's going on?""}, {'role': 'agent', 'content': ""Of course, Harvey. I'd be happy to help you with that. Can you tell me a little bit more about the issue you're experiencing? Have you noticed any specific times where the slowdown is happening, or any certain times of day when it's occurring?""}, {'role': 'client', 'content': ""Well, it seems to be happening mostly when I'm streaming to stream videos or download large files. And it's been happening pretty consistently over the past week or so.""}, {'role': 'agent', 'content': ""Okay, that helps me to understand the issue better bit better. Let me check on a few things to see if there might be a simple explanation for the slow speeds. Can you tell me what type of device you're using, and what version of software it's running?""}, {'role': 'client', 'content': ""Sure, I'm using a Samsung Galaxy S21, and it's running Android 11.""}, {'role': 'agent', 'content': ""Great, thank you for providing that information. I'm going going to check on a few things. (pause) It looks like everything appears to be up to date on our end, but I do see that you're currently connected to a congested cell tower. That could definitely cause some slower data speeds.""}, {'role': 'client', 'content': 'Oh, that makes sense. Is there anything that can be done about that?'}, {'role': 'agent', 'content': 'Yes, actually there is. I can offer you a complimentary upgrade to a newer plan that includes priority data, which will give you higher speeds and a better overall experience. Would you like me to go ahead and apply that upgrade for you?'}, {'role': 'client', 'content': 'That sounds great, thank you!'}, {'role': 'agent', 'content': ""Youful. I've gone ahead and applied the upgrade to your account. You should start seeing improved improvement in your data speeds immediately. If you continue to experience any issues, feel free to reach us a call back and we'll further assist you. Is there anything else I can help you with today, Harvey?""}, {'role': 'client', 'content': 'No, that was my only concern. Thank you so much for your help, Ella.'}, {'role': 'agent', 'content': ""You're welcome, Harvey. It was my pleasure to assist you. Have a great day!""}]}","{'messages': [{'role': 'customer', 'content': ""Hello, I'm experiencing some performance issues on my mobile device's internet speed. It seems slow and sometimes even drops out completely when using certain websites.""}, {'role': 'agent', 'content': ""I apologize for the inconvenience you're experiencing, but I can understand how frustrating it must be if your mobile data isn't performing well enough for you. Can you tell me more about what devices are having this issue? Are they all running Android or iOS?""}, {'role': 'customer', 'content': ""Yeah, both phones have been affected by these problems. They've also had trouble streaming videos from Netflix lately too.""}, {'role': 'agent', 'content': 'That sounds like quite a few complaints across different platforms! Have you tried checking any other apps or services that might interfere with their speeds?'}, {'role': 'customer', 'content': 'Hmm... yeah, maybe something related to Google Play Services or another app store service. But nothing specific stands out to me right now...'}, {'role': 'agent', 'content': 'Alright, thank you for providing us with those details so far. To help resolve this problem quickly, would you mind telling me which version of our latest software update you currently have installed on your phone?'}, {'role': 'customer', 'content': 'Sure thing, I think I still have the last one though..'}, {'role': 'agent', 'content': ""Gotcha. Let's try updating just that particular app first. Would you like me to guide you through the process while we check things over there?""}, {'role': 'customer', 'content': 'Sounds good, thanks!'}, {'role': 'agent', 'content': ""Great choice! Once we know exactly why the slowdowns occurred, we'll make sure to address them promptly and get everything back up and running smoothly again. In the meantime, please hold off making any major changes until after we finalize troubleshooting efforts.""}, {'role': 'customer', 'content': 'Okay, got it. Thanks again for helping me sort this out!'}, {'role': 'agent', 'content': ""You're welcome! If anything else comes up during the investigation, feel free to reach out anytime. We appreciate your patience and understanding throughout this whole ordeal.""}]}","Temsilci: Merhaba, Union Mobile'a hoş geldiniz. Ben Ella, bugün size yardımcı olabileceğim bir şey var mı?
Müşteri: Merhaba Ella, Union Mobile'a arıyorum. Veri hızlarım yavaş geliyor. Neden olmasın, bilmiyorum. Yardım edebilir misiniz?
Temsilci: Elbette, Harvey. Size veri hızlarınızla ilgili yardımcı olabilirim. Daha fazla bilgi vermenizi isteyelim. Bu yavaşlama, belirli saatlerde mi oluyor, yoksa belirli saatlerde mi?
Müşteri: Eğilim, video izlemek veya büyük dosyalar indirmek olduğunda oluyor. Geçen hafta kadar süredir böyle oluyor.
Temsilci: Anladım, bu sorunu daha iyi anladım. Birkaç şey kontrol edelim. Size hangi cihazınızı ve yazılım sürümünü bildirmek isteyelim?
Müşteri: Elbette, Samsung Galaxy S21'i kullanıyorum ve Android 11'i çalışıyorum.
Temsilci: Teşekkür ederim, bu bilgiyi aldım. Birkaç şey kontrol edelim. (durdum) Her şey, tarafımızdan güncel gibi görünüyor, ancak şu anda bir dolu hücreye bağlısınız. Bu da veri hızlarında yavaşlamaya neden olabilir.
Müşteri: Ah, anladım. Yapılabilecek bir şey var mı?
Temsilci: Evet, aslında var. Size yeni bir plana geçirmek mümkün. Bu plan, öncelikli veri sağlar ve daha yüksek hızlar ve genel bir deneyim sağlar. Bu planı sizin için uygulamak ister misiniz?
Müşteri: Evet, teşekkür ederim!
Temsilci: Uyguladım. Hesabınıza yeni planı uyguladım. Hızlarınızın gelişmesini hemen göreceksiniz. Sorun devam ederse, tekrar arayın ve yardımcı olalım. Bugün size yardımcı olabileceğim başka bir şey var mı, Harvey?
Müşteri: Hayır, bu benim tek kaygım. Teşekkür ederim, Ella.
Temsilci: Rica ederim, Harvey. Yardım etmemi bir zevkti. İyi bir gün dilerim!"
4e2e189efa294086b8804da9df5d40be,Billing & Payments,0.8024577498435974,"{'messages': [{'role': 'client', 'content': ""Hi, I'm calling about my Automated Bill Pay. I want to know what security measures you have in place to protect my payment information.""}, {'role': 'agent', 'content': 'Absolutely, I understand your concern. Can you please verify your identity by providing me with your account PIN or the last four digits of the credit card associated with your account?'}, {'role': 'client', 'content': ""Um, I donm not sure. I don't have my account PIN handy and I don't feel comfortable sharing the last four digits of my credit card number over the phone. Is there another way you can verify my identity?""}, {'role': 'agent', 'content': 'I completely understand, Kirsten. Unfortunately, we do require one of those two pieces of information to verify your identity and ensure the security of your account. However, I can offer you an alternative solution. You can visit our website and log in to your account to access your billing information and make payments securely. Additionally'}, {'role': 'client', 'content': 'Hmm sounds good. Can you give me the website address?'}, {'role': 'agent', 'content': 'Of course, it\'s [insert website URL here]. Just log on the ""Log In"" button at the top right corner and enter your username and password. Then you have any trouble, feel free to give us a call back and we\'ll be happy to assist you further.'}, {'role': 'client', 'content': 'Great, thank you for your help, Davina.'}, {'role': 'agent', 'content': ""You're welcome, Kirsten. Have a great day!""}]}","{'messages': [{'role': 'customer', 'content': ""Hello there! I'm having some trouble paying my bill online. Can you help me out?""}, {'role': 'agent', 'content': ""Of course, I'd be happy to assist you. What seems to have gone wrong when trying to pay your bill?""}, {'role': 'customer', 'content': 'Well, whenever I try to enter my payment information on their website, it keeps saying something about not being able to locate my account.'}, {'role': 'agent', 'content': ""Oh, I see what's happening now. It sounds like there might be an issue with verifying your identity for our billing system. Have you tried calling us directly to check if everything looks okay? ""}, {'role': 'customer', 'content': 'Hmm... Okay, so how do I go ahead and verify myself then?'}, {'role': 'agent', 'content': ""No problem at all. You can give them a call from one of our phone numbers listed on your statement. They'll ask for certain details such as your name, ID number, PIN code etc., which will confirm your identity before allowing access to your account. Once they've verified this info, you'll be granted permission to make payments through other channels.""}, {'role': 'customer', 'content': 'Okay, gotcha. Thanks for walking me through that process!'}, {'role': 'agent', 'content': ""You're welcome! If you need any more assistance moving forward, feel free to reach back out. Is there anything else I can help you with today?""}]}","Müşteri: Merhaba, Automated Bill Pay hakkında konuşmak istiyorum. Ödeme bilgilerimin güvenliği için ne tür güvenlik önlemleri aldığınızı öğrenmek istiyorum.
Temsilci: Elbette, anlama geldi. Lütfen hesabınızın PIN'i veya hesabınıza bağlı kredi kartının son dört hanesini bana bildirmeyi sağlayın, lütfen.
Müşteri: Um, şunu bilmiyorum. Hesabım PIN'i elimde değil ve kredi kartı numarası son dört hanesini telefon üzerinden paylaşmaya rahatsızım. Diğer bir yol var mı, kimlikimi doğrulamak için?
Temsilci: Tam olarak anladım, Kirsten. Ne yazık ki, hesabınızın güvenliği için birini veya ikincisini doğrulamak zorundayız. Ancak, size bir alternatif çözüm sunabiliriz. Hesabınıza giriş yapın ve güvenli bir şekilde ödeme yapın. Ayrıca, web sitemize gidin ve hesabınıza giriş yapın. Hesabınıza giriş yapın ve ödeme yapın. Ayrıca, herhangi bir sorun yaşarsanız, bize tekrar arayın ve yardımcı olacağız.
Müşteri: Hmm, iyi görünüyor. Web sitesi adresini verebilir misiniz?
Temsilci: Elbette, [web sitesi URL'si]. Sağ üst köşedeki ""Giriş"" düğmesine tıklayın ve kullanıcı adınız ve parolanızı girin. Sonra herhangi bir sorun yaşarsanız, bize tekrar arayın ve yardımcı olacağız.
Müşteri: Teşekkür ederim, Davina için yardımda bulunduğunuz için.
Temsilci: Rica ederim, Kirsten. İyi bir gün dileriz."
3321a48025f0420993af016573363030,Fraud & Security,0.7962974309921265,"{'messages': [{'role': 'agent', 'content': 'Hello, thank you for calling Union Mobile. My name is Dan, how can I assist you today?'}, {'role': 'client', 'content': ""Hi Dan, I'm calling to report some suspicious activity on my 5G account. I receivedve been receiving strange texts and calls, and I'm worried that my account has been compromised.""}, {'role': 'agent', 'content': 'Sorry to hear that, Dora. Can you please provide me with your account details so I can look into this for you?'}, {'role': 'client', 'content': 'Sure, my account number is 1234567890.'}, {'role': 'agent', 'content': ""Thank you, Dora. I've accessed your account and I see that there have been some unusual transactions recently. I'm going to flag your account for further investigation and issue'tify our security team to take a closer look. In the meantime, I recommend that you change your password and enable two-factor authentication to protect your account.""}, {'role': 'client', 'content': ""Okay, that sounds good. But what about the strange texts and calls? Shouldn't you do something about them too?""}, {'role': 'agent', 'content': ""Yes, of course. I apologll escalate this issue to our security team and they'll work with you to resolve the issue. In the meantime, please be cautious when receiving calls or texts from unknown numbers, and don't click on any suspicious links or provide personal information.""}, {'role': 'client', 'content': 'Alright, thank you Dan. I appreciate your help.'}, {'role': 'agent', 'content': ""You're welcome, Dora. Is there anything else I can assist you with today?""}, {'role': 'client', 'content': ""No, that's all for now. Thanks you again.""}, {'role': 'agent', 'content': 'Of course, Dora. I hope we can resolve this issue for you as soon as possible. Thank you for choosing Union Mobile. Have a great day.'}]}","{'messages': [{'role': 'customer', 'content': ""Hello, I'm calling about my account security. I recently noticed some suspicious activity on my phone number.""}, {'role': 'agent', 'content': 'I understand your concern, Ms./Mr., Can you please provide me with more details? What kind of suspicious activity have you observed?'}, {'role': 'customer', 'content': 'Sure thing. Recently, someone tried to call me using my mobile number without authorization. They also sent fraudulent text messages asking for sensitive information like passwords and PINs.'}, {'role': 'agent', 'content': 'That sounds concerning, Miss/Mr.. Have you reported this incident to our fraud department yet?'}, {'role': 'customer', 'content': ""No, but it's bothering me so much right now. Is there anything else I can do to protect myself from these kinds of scams?""}, {'role': 'agent', 'content': ""Absolutely! We've got several measures we recommend to help prevent such incidents. First off, make sure all of your devices are updated to their latest software versions. Additionally, consider enabling two-factor authentication whenever possible. And finally, always verify any requests for personal information over secure channels - don't click links or download attachments unless you're certain they came directly from us!""}, {'role': 'customer', 'content': 'Thank you very much for those suggestions, Agent. It really helps ease my mind knowing what steps I need to take next.'}, {'role': 'agent', 'content': ""You're welcome, Miss/ Mr.! If you ever have any other questions or concerns related to your account security, feel free to reach out again anytime. We'll be happy to assist you further if needed.""}]}","Temsilci: Merhaba, Union Mobile'a teşekkür ederim. Ben Dan'ım, bugün size nasıl yardımcı olabileceğimi söyleyeyim?
Müşteri: Merhaba Dan, 5G hesabımda bazı şüpheli faaliyetler olduğunu bildirmek istiyorum. Benim almaya başladığım tuhaf mesajlar ve aramalar aldım ve hesapımın compromit edilmiş olabileceğini düşünüyorum.
Temsilci: Umarım, Dora. Lütfen hesabınızın detaylarını bana vermenizi rica ettim, böylece bunu sizin için incelenebilir.
Müşteri: Elbette, hesap numaram 1234567890'dur.
Temsilci: Teşekkür ederim, Dora. Hesabınızı inceliyor ve son zamanlarda bazı olağanüstü işlemlerin olduğunu gördüm. Hesabınızı daha fazla araştırma için işaretleyeceğim ve güvenlik ekibimizi bu konuya dikkatli bir şekilde bakmaya davet edeceğim. meantime, hesabınızı korumaya yardımcı olmak için yeni bir şifre oluşturmaya ve iki-faktörlü kimlik doğrulamasını etkinleştirmeye tavsiye ediyorum.
Müşteri: İyi, bu iyi geliyor. Ama tuhaf mesajlar ve aramalar hakkında ne yapacaksınız? Onları da çözüme ulaşmamıza yardımcı olmayacaksınız mı?
Temsilci: Evet, tabii. Bu konuyu güvenlik ekibimize bildiriyorum ve onlar sizinle birlikte bu sorunu çözüme ulaşacaklar. meantime, bilinmeyen numaralardan gelen aramalar veya mesajlar alırken dikkatli olun ve şüpheli linklere tıkın veya kişisel bilgilerini vermayın.
Müşteri: Tamam, teşekkür ederim, Dan. Yardımınız için teşekkür ederim.
Temsilci: Rica ederim, Dora. Bugün size yardımcı olabileceğim başka bir şey var mı?
Müşteri: Hayır, şu anda hepsi. Teşekkür ederim.
Temsilci: Elbette, Dora. Umarım, mümkün olan en kısa sürede bu sorunu çözüme ulaşabiliriz. Union Mobile'ı seçtiğiniz için teşekkür ederim. İyi bir gün dilerim."
388ffee8175948e8beb3965e62541ac2,Roaming & International Services,0.778771698474884,"{'messages': [{'role': 'client', 'content': ""Hi Abbigail, thanks'm having some trouble with my international roaming. I'm currently abroad and unable to access my data and calls.""}, {'role': 'agent', 'content': ""Sorry to hear that, Mike. Can you tell me more about the issue you're experiencing? Are you getting any error messages or are you simply unable to connect to the network?""}, {'role': 'client', 'content': ""Yeah, I'm not able to connect to the network at all. I've tried restarting my phone and even my settings, but nothing seems to work.""}, {'role': 'agent', 'content': 'I understand. Let me check on your account to see if there are any issues with your international roaming settings. Can you please provide me with your account PIN or the last four digits of the credit card associated with your account?'}, {'role': 'client', 'content': 'Sure, my account PIN is 1234.'}, {'role': 'agent', 'content': ""Great, thank you for providing that information, Mike. I've checked on your account, and it looks like there was an issue with your international roaming settings. I've gone ahead and corrected the issue rem and you should now be able to access your data and calls abroad.""}, {'role': 'client', 'content': 'Oh, great! Thank you so much, Abbigail. I really appreciate your help.'}, {'role': 'agent', 'content': ""You're welcome, Mike. Is there anything else I can assist you with today?""}, {'role': 'client', 'content': 'No, that was my only concern. Thanks again for your help, Abbigail.'}, {'role': 'agent', 'content': ""You're welcome, Mike. Have a great day, and enjoy your trip!""}]}","{'messages': [{'role': 'customer', 'content': ""Hello, I'm calling about my international roaming plan. I've been experiencing some issues lately while using data outside of the United States.""}, {'role': 'agent', 'content': 'Thank you for reaching out, Mr./Ms. Smith! Can you please provide me with your account information so I can assist you better?'}, {'role': 'customer', 'content': ""Sure thing. My account number is XXX-XXXXXXX and my phone's IMEI number is 1234567890. ""}, {'role': 'agent', 'content': 'Great, thank you for providing those details. Have you tried restarting your device? Sometimes simple troubleshooting steps like this can resolve connectivity issues.'}, {'role': 'customer', 'content': 'I restarted it earlier but nothing seems to work. It keeps disconnecting when trying to access certain websites overseas. '}, {'role': 'agent', 'content': 'Understood. Let me check on our system again just to make sure everything looks okay there. Is there anything else we need to look into before I escalate this issue?'}, {'role': 'customer', 'content': ""Nope, that's all. Thank you!""}, {'role': 'agent', 'content': ""You're welcome, Mr./Ms. Smith. If you have any other questions or concerns down the road, feel free to reach back anytime. We'll do our best to help you get resolved quickly.""}]}","Müşteri: Merhaba Abbigail, uluslararası roaming sorunlarım var. Şu anda yurtdışında ve veri ve arama erişimi yapamıyorum.
Temsilci: Umarım, Mike. Daha fazla bilgi alabilir misiniz? Hata mesajları alıyormusunuz veya ağa bağlanmaya çalışıyor musunuz?
Müşteri: Evet, ağa bağlanmaya çalışıyorum ama hiçbir şey işe yaramıyor. Telefonumu ve ayarları yeniden başlatmaya çalıştım ama hiçbir sonuç alamıyorum.
Temsilci: Anladım. Hesabınızı kontrol edeyim. Uluslararası roaming ayarlarınızda bir sorun olup olmadığını görmek istiyorum. Lütfen hesabınızın PIN'i veya kredi kartı ile ilgili son dört rakamını bana bildiriniz.
Müşteri: Elbette, hesabım PIN'i 1234'dür.
Temsilci: Teşekkür ederim, Mike. Hesabınızı kontrol ettim ve uluslararası roaming ayarlarınızda bir sorun buldum. Sorunu düzelttim ve şimdi yurtdışında veri ve arama erişimi yapabileceksiniz.
Müşteri: Oh, harika! Teşekkür ederim, Abbigail. Yardımınız için çok teşekkür ederim.
Temsilci: Rica ederim, Mike. Bugün başka bir konuda yardımcı olabileceğim mi?
Müşteri: Hayır, o benim tek endişimdi. Teşekkür ederim için Abbigail.
Temsilci: Rica ederim, Mike. İyi bir gün geçirin ve seyahatinizden keyif alınız!"
ccdad11d87ad4b33b2be5d23d179bb31,Technical Support - Software Bugs & Errors,0.7488000988960266,"{'messages': [{'role': 'agent', 'content': 'Hello, thank you for calling Union Mobile. My name is Becky, how can I assist you today?'}, {'role': 'client', 'content': ""Hi, I'm having trouble with an app on my phone. I can't seem to access some features and services'm getting error messages.""}, {'role': 'agent', 'content': 'Sorry to hear that, Besse. Can you please verify your identity so I can assist you further?'}, {'role': 'client', 'content': 'Sure, my account PIN is 1234.'}, {'role': 'agent', 'content': ""Thank you, Besse. I've verified your identity. Unfortunately, I'm unable to assist you with this issue as it seems to be related to the app itself rather than our mobile service. You'll need to contact the app's support team for assistance.""}, {'role': 'client', 'content': 'Oh, okay see. Can you give me their contact information?'}, {'role': 'agent', 'content': ""I apologize, but I don't have access to that information. You can try searching for the app's support contact information online or check their website for a support page.""}, {'role': 'client', 'content': ""Okay, thank'll try that. Thanks for your help, Becky.""}, {'role': 'agent', 'content': ""You're welcome, Besse. Have a great day!""}]}","{'messages': [{'role': 'customer', 'content': ""Hello, I'm having trouble accessing my account on your mobile app. It keeps saying there's been an error.""}, {'role': 'agent', 'content': ""I apologize for the inconvenience, Mr./Ms., could you please tell me more about what you're experiencing? Are you able to provide any additional details?""}, {'role': 'customer', 'content': 'Sure thing! When I try to log into my account through the app, it just says something along the lines of ‘There was an issue connecting to our server’. No other information is provided when trying to troubleshoot this problem myself.'}, {'role': 'agent', 'content': 'It sounds like we have some technical issues preventing us from properly processing your login attempt. Can you give me your phone number so I can reach out to IT directly?'}, {'role': 'customer', 'content': 'Of course, my phone number is XXX-XXXX-XXXX'}, {'role': 'agent', 'content': ""Thank you, Mr./Ms. We've reached out to one of our tech experts who will assist you now. In the meantime, feel free to check if anyone else nearby might also experience similar difficulties while using their phones at work today.""}, {'role': 'customer', 'content': 'Okay, thanks for getting back to me!'}, {'role': 'agent', 'content': 'You’re welcome, Mr./Mss.! If anything changes later, don’t hesitate to contact us again. Have a great day ahead!'}]}","Temsilci: Merhaba, Union Mobile'a hoşgeldiniz. Ben Becky'im, bugün size nasıl yardımcı olabilirim?
Müşteri: Merhaba, telefonumda bir uygulamanın sorunları var. Bazı özellikleri ve hizmetlere erişimim yok ve hata mesajları alıyorum.
Temsilci: Üzgünüm, Besse. Lütfen kimliğinizi doğrulayalım ki daha fazla yardımcı olabilirim?
Müşteri: Tabii, hesap PIN'im 1234.
Temsilci: Teşekkür ederim, Besse. Kimliğinizi doğruladım. Ne yazık ki, bu sorunun mobil hizmetimizle ilgili değil, uygulamanın kendisiyle ilgili olduğu görülüyor. Uygulamanın destek ekibine başvurmanızı tavsiye ederim.
Müşteri: Oh, tamam. Uygulamanın destek bilgileri verebilir misiniz?
Temsilci: Üzgünüm, ancak o bilgileri sahip değilim. Uygulamanın destek bilgileri online arama veya web sitesinin destek sayfasını kontrol edebilirsiniz.
Müşteri: Tamam, deneyeceğim. Yardımınız için teşekkür ederim, Becky.
Temsilci: Rica ederim, Besse. İyi bir gün dilerim!"
4cc74223c86b428d870d19baf46fba95,Plan Modification,0.7130342721939087,"{'messages': [{'role': 'agent', 'content': ""Hello Eugen thank you for reaching out to Union Mobile. My name is Ezra, and I'll be happy to assist you with your concern. Can you please tell me a little bit more about what's prompting your request to change your plan, Eugenie? Are you experiencing any issues with your current plan or do you have different needs that you'd like us to address? I'm here to help and want to make sure we find the best solution for you.""}, {'role': 'agent', 'content': 'Thank you for sharing that with me, Eugenie. I understand that your needs have changed, and we definitely want to make sure you have a plan that works best for you. Let me check if we have any other plans that would better suit your requirements.'}, {'role': 'agent', 'content': 'Great, thank you for providing that information, Eugenie. Based on your usage pattern and requirements, it seems like our Single Line Plan 500 would be a good fit for you. It offers 500 MB of data, 500 minutes of talk time, and 500 texts for $40 per month. Would you like me to go ahead and switch you to this plan? Additionally, I can offer you a discimentary upgrade-on feature such as Call Forwarding or Call Waiting for the first three months. Which one would you prefer?'}, {'role': 'agent', 'content': ""Ex choice, Eugenie! I've gone ahead and switched you to the Single Line Plan 500 and added the compl Forwarding feature for the first three months. Is there anything else I can assist you with today?""}, {'role': 'agent', 'content': ""Wonderful! It was my pleasure assisting you, Eugenie. Don't hesitate to reach out to us if you have any further questions or concerns. Have a great day!""}, {'role': 'agent', 'content': 'Thank you for choosing Union Mobile, Eugenie. We appreciate your business and look forward to serving you in the future.'}]}","{'messages': [{'role': 'customer', 'content': ""Hello, I'm calling about my mobile plan modification. Can you assist me?""}, {'role': 'agent', 'content': ""Of course! I'd be happy to help modify your current plan for you. What specifically would you like to change? Are there any particular features or services you're interested in adding or removing from your account?""}, {'role': 'customer', 'content': ""I want to add some data usage limits so we don't go over our monthly allowance too much.""}, {'role': 'agent', 'content': 'Got it! We can easily adjust those settings on your account. Would you mind providing me with your existing plan details, please?'}]}","Temsilci: Merhaba Eugen, Union Mobile'a ulaşmak için teşekkür ederim. Ben Ezra'yım ve sizin konularınızı çözmeye yardımcı olucam. Lütfen, mevcut planınızı değiştirmek için nedenlerinizi biraz daha açıklığa kavuşturun. Muhakkak, şu anda kullanılan planınızda herhangi bir sorun mu var ya da farklı ihtiyaçlarınız var mı? Benim burada size yardımcı olmak için ve sizin için en iyi çözümü bulmaya çalışıyorum.

Temsilci: Eugenie, size paylaşımınızı anladım. İhtiyaçlarınız değişti ve kesinlikle sizin için en iyi planı bulmaya çalışıyoruz. Lütfen, farklı ihtiyaçlarınızın olup olmadığını kontrol edeyim.

Temsilci: Harika, Eugenie, size bilgiyi sağladınız. Kullanım örüntünüz ve gereksinimleriniz göz önünde bulundurulunca, Single Line Plan 500 size uygun gibi geliyor. 500 MB veri, 500 dakika konuşma ve 500 metin mesaj için 40 dolar aylık ücretlidir. Bu planı sizin için uygun mu? Ayrıca, ilk üç ay için bir ücretsiz özellik olarak Çağrı İade veya Çağrı Bekleme özelliğini sunabilirim. Hangisini tercih edersiniz?

Temsilci: Seçiminiz, Eugenie! Single Line Plan 500'i sizin için değiştirdim ve ilk üç ay için Çağrı İade özelliğini ekledim. Bugün sizin için daha fazla yardımcı olabileceğim bir şey var mı?

Temsilci: Harika! Lütfen, sizin için yardımcı olmanın bir zevk oldu, Eugenie. Sizin için daha fazla soru veya endişe var mı? Güzel bir günü dilerim!

Temsilci: Union Mobile'a teşekkür ederim, Eugenie. Sizin işiniz için teşekkür ederiz ve gelecekte sizin için hizmet etmeye hazırız."
8c484c62fafc4e36943abf6c549d22fe,Technical Support - Device Firmware & Driver Issues,0.7094680666923523,"{'messages': [{'role': 'client', 'content': ""Hi, I'm having some issues with my device's software update. Can you help me with that?""}, {'role': 'agent', 'content': ""Hello Breanne, sorry to hear that. Unfortunately, I'm not able to assist you with that issue. You'll need to call our dedicated support line for software updates. The number is 1-800-123-4567. They'll be able to help you resolve the issue.""}, {'role': 'client', 'content': ""Oh, okay. That's not what I was expecting. But thank you for letting me know. I'll give them a call now.""}, {'role': 'agent', 'content': ""You're welcome, Breanne. Sorry again for the inconvenience. Have a great day!""}, {'role': 'client', 'content': 'Thanks, Geoffrey. Bye for now.'}]}","{'messages': [{'role': 'customer', 'content': ""Hi there! I'm having some trouble getting my phone's device firmware updated successfully using OTA update on my Android smartphone.""}, {'role': 'agent', 'content': 'I understand your issue, Sandeep. Can you tell me more about what happened when you tried updating? Did it prompt any error codes?'}, {'role': 'customer', 'content': ""It just said something like 'Failed to download updates.' And then nothing else happens after that.""}, {'role': 'agent', 'content': 'Okay, thank for providing those details, Sandeep. It sounds like the problem might be related to network connectivity issues during the update process. Have you checked if Wi-Fi or cellular data connection works properly?'}]}","Müşteri: Merhaba, cihazımın yazılım güncellemesinde bazı sorunlar var. Yardım edebilir misiniz?
Temsilci: Merhaba Breanne, üzgünüm, ama o konuda yardımcı olamıyorum. Yazılım güncellemeleri için ayrı bir destek hattımıza başvurmanız gerekir. Numarası 1-800-123-4567'dir. Onlar size sorunu çözüme ulaşmanıza yardımcı olacaktır.
Müşteri: Oh, tamam. O değildi beklediğim. Ama haberini söylemek için teşekkür ederim. Şimdi onlara bir çağrı yapacağım.
Temsilci: Hoşça kalın, Breanne. Yine de üzgünüm için teşekkür ederim. Günaydın!
Müşteri: Teşekkür ederim, Geoffrey. Bye for now."
8792dfb12fa34c20bfdaa97b54e6076a,Billing & Payments,0.7080883979797363,"{'messages': [{'role': 'agent', 'content': 'Hello, thank you for calling Union Mobile. My name is Keisha, how can I assist you today?'}, {'role': 'client', 'content': ""Hi Keisha, I'm calling to verify that my automated bill pay is set up correctly. I just wanted to double-check that everything is processing properly.""}, {'role': 'agent', 'content': ""Of course, Wilmer. I'd be happy to help you with that. Can you please provide me with your account number so I can look into this for you?""}, {'role': 'client', 'content': ""Sure, it's #XXXXX.""}, {'role': 'agent', 'content': 'Thank you, Wilmer. One moment please while I check on your account. (pause) It looks like your automated bill pay is set up correctly and your payments are being processed successfully. Is there anything else I can assist you with today?'}, {'role': 'client', 'content': ""No, that's all I needed to know. Thanks for your help, Keisha.""}, {'role': 'agent', 'content': ""You're welcome, Wilmer. It was my pleasure to assist you. Have a great day!""}]}","{'messages': [{'role': 'customer', 'content': ""Hello, I'm having some trouble paying my bill online. It keeps saying there's an error.""}, {'role': 'agent', 'content': ""I apologize for the inconvenience you're experiencing. Can you please provide me with your account number so we can look into this issue?""}, {'role': 'customer', 'content': 'Sure thing! My account number is 123-4567890'}, {'role': 'agent', 'content': 'Thank you for providing that information. Let me check on it for you right away. Is there anything else I need to know about your payment method? '}]}","Temsilci: Merhaba, Union Mobile'a hoş geldiniz. Ben Keisha, bugün size nasıl yardımcı olabileceğimi söyleyeyim?
Müşteri: Merhaba Keisha, Union Mobile'a arıyorum. Otomatik fatura ödeme ayarımın doğru olarak ayarlı olduğundan emin olmak istedim. Sadece kontrol etmek istedim.
Temsilci: Elbette, Wilmer. Bu konuda size yardımcı olabileceğim. Lütfen hesabınızın numarasını bana vermenizi rica ettim, böylece hesabınızı kontrol edeyim?
Müşteri: Elbette, #XXXXX.
Temsilci: Teşekkür, Wilmer. Bir anlık lütfen hesabınızı kontrol edeyim. (durdurma) Hesabınızın kontrolünü yaptım ve otomatik fatura ödemelerinizi başarıyla işlenmekte olduğu göründü. Bugün size yardımcı olabileceğim başka bir şey var mı?
Müşteri: Hayır, bu kadarlık. Teşekkürler için Keisha.
Temsilci: Rica ederim, Wilmer. Yardım etmemi bir zevk oldu. Günaydın!"
4325f3a1a2aa4e80b05075a9c1a52165,Service Cancellation & Retention,0.7064567804336548,"{'messages': [{'role': 'agent', 'content': 'Hello, thank you for calling Union Mobile. My name is Dominic, how can I assist you today?'}, {'role': 'client', 'content': ""Hi Dominic, I'm calling to cancel my add-on. I've been trying to get this of it for months now, but it's still active on my account.""}, {'role': 'agent', 'content': 'Sorry to hear that, Selina. Can you please confirm your identity for me? I'}, {'role': 'client', 'content': 'Sure, my phone number is 555-1234.'}, {'role': 'agent', 'content': ""Thank you, Selina. I just need to check a few things real quick. (pause) Alright, I see that you have an active-on that was supposed to be canceled a few months ago, but it's still active on your account. I apologize for the inconvenience. has caused you.""}, {'role': 'client', 'content': ""Yeah, it's really frustrating. I thought it would be taken care of by now.""}, {'role': 'agent', 'content': ""I understand. I's take care of it for you right away. (pause) Alright, I've gone ahead and canceled the add-on for you. You should receive a confirmation text within.""}, {'role': 'client', 'content': 'Great, thank you so much!'}, {'role': 'agent', 'content': ""You're welcome, Selina. Is there anything else I can assist you with today?""}, {'role': 'client', 'content': ""No, that' the only thing. Thanks again!""}, {'role': 'agent', 'content': ""You're welcome. Thank you for choosing Union Mobile, and have a great day!""}, {'role': 'client', 'content': 'Thanks, you too! ('}]}","{'messages': [{'role': 'customer', 'content': ""Hello, I'm having some issues cancelling my service plan. Can you help me out?""}, {'role': 'agent', 'content': 'Of course! What seems to have gone wrong? Have you tried canceling through our online portal or by calling us on phone number X-XX-X XX XXXX?'}, {'role': 'customer', 'content': ""I've already canceled it before but somehow it's still showing up when trying to sign back into my account.""}, {'role': 'agent', 'content': 'That sounds like there might be an issue with your cancellation process. Let me check for you. Hold on while I verify this... '}, {'role': 'customer', 'content': 'Okay, thank you!'}, {'role': 'agent', 'content': ""No problem at all. It looks like we're experiencing technical difficulties with updating your status from cancelled to active again. We'll need to manually update your account details now. Would you mind if I reached out directly to confirm everything went smoothly?""}, {'role': 'customer', 'content': 'Sure thing, no worries about privacy concerns.'}, {'role': 'agent', 'content': 'Great news! Your account was successfully updated today. You can log back onto your dashboard right away. If anything else comes up later, just give me a call here -'}, {'role': 'customer', 'content': 'Thank you so much! That really helped ease my anxiety knowing things are being taken care of properly.'}, {'role': 'agent', 'content': ""You're welcome! Don't hesitate to reach out if you have any more questions or issues down the road. Happy to assist whenever needed. Goodbye for now!""}]}","Temsilci: Merhaba, Union Mobile'a çağrıyı teşekkür ederim. Ben Dominic'im, bugün size nasıl yardımcı olabileceğimi söyleyeyim?
Müşteri: Merhaba Dominic, bu add-on'u iptal etmek için arıyorum. Ayın son aylarında bile denedim, ama hala hesabım üzerinde aktif.
Temsilci: Umarım, Selina. Lütfen kimliğinizi onaylayabilir misiniz? Ben
Müşteri: Elbette, telefon numaram 555-1234.
Temsilci: Teşekkür ederim, Selina. Birkaç şey kontrol etmek için lütfen bekleyin. (durdum) Peki, hesabınızda aktif olan bir add-on gördüm. Üç ay önce iptal edilmesi gereken ancak hala aktif. Umarım size bunun için rahatsızlık sağlamıştır.
Müşteri: Evet, gerçekten sinirliyim. Artık sona ermesini umuyordum.
Temsilci: Anlıyorum. Bunu sizin için hemen hallediyorum. (durdum) Peki, add-on'u iptal ettim. Hemen bir onay mesajını alacaksınız.
Müşteri: Harika, teşekkür ederim!
Temsilci: Rica ederim, Selina. Bugün size yardımcı olabileceğim başka bir şey var mı?
Müşteri: Hayır, sadece bu. Teşekkür ederim!
Temsilci: Rica ederim. Union Mobile'ı seçmenize teşekkür ederim ve güle güle!
Müşteri: Teşekkür ederim, size de!"
5752c7f08a314d169cd5ec1b42fb35be,Technical Support - Network Connectivity Issues,0.7043323516845703,"{'messages': [{'role': 'agent', 'content': 'Hello, thank you for reaching out to Union Mobile. My name is Reginald, how can I assist you today?'}, {'role': 'client', 'content': ""Hi Reginald, I'm having some trouble with my 5G device. I'm not trouble connecting to the internet and I'm not sure what's going on. Can you help me?""}, {'role': 'agent', 'content': ""Of course, Gwen. Sorry to hear that you're experiencing issues with your 5G device. Can you tell me a little bit more about the problem you're facing? Have you tried restarting your device or checking your any software updates?""}, {'role': 'client', 'content': 'Yeah, I\'ve tried restarting it and checking for updates, but nothing seems to be working. It just keeps saying ""no internet connection"" when I try to open websites or apps.'}, {'role': 'agent', 'content': ""Okay, that sounds like it could be a settings different things. Let me see if I can help you troubleshoot. Have you checked to make sure that you're in an area with good 5G coverage? Sometimes the signal can be weak in certain areas.""}, {'role': 'client', 'content': ""Yeah, I'm pretty sure I'm in an area with good coverage. I'm at home and I've never had any problems before.""}, {'role': 'agent', 'content': ""Alright, that's good to know. In that case, it's possible that there's an issue with your device or your account. I'm going to go ahead and transfer you to our technical support team. They'll be able to assist you further and resolve the issue for you.""}, {'role': 'client', 'content': 'Okay, that sounds great. Thank you so much, Reginald!'}, {'role': 'agent', 'content': ""You're welcome, Gwen. I apologize again for the inconvenience and I'll make sure that the technical support team is aware of your issue. They'll be with you shortly to assist you further. Is there anything else I can assist you with today?""}, {'role': 'client', 'content': ""No, that's all for now. Thanks again!""}, {'role': 'agent', 'content': ""You're welcome, Gwen. Have a great day!""}, {'role': 'client', 'content': ""Hi, I was just transferred from Reginald. I'm having trouble connecting to the internet on my 5G device.""}, {'role': 'client', 'content': ""Oh, that's wonderful! Thank you so much for your help.""}, {'role': 'client', 'content': ""No, that's all for now. Thanks again!""}]}","{'messages': [{'role': 'customer', 'content': ""Hello, I'm having trouble connecting my device to the internet at home. It keeps saying there's no signal strength.""}, {'role': 'agent', 'content': 'I apologize for the inconvenience, but can you tell me more about your setup? Are you using Wi-Fi or cellular data?'}, {'role': 'customer', 'content': ""Yeah, it's mostly just one router connected through Ethernet cable from our modem to another router inside the house. And yeah, both routers are working fine individually.""}, {'role': 'agent', 'content': ""Okay, let's troubleshoot this together. Have either devices been updated recently? Sometimes outdated software can cause connectivity issues like these.""}, {'role': 'customer', 'content': 'Nope, everything seems up-to-date on all three devices.'}, {'role': 'agent', 'content': ""Alright then, have you checked the settings on your modem/router to make sure they're configured correctly? You might want to try resetting them if necessary.""}, {'role': 'customer', 'content': 'Sounds good. What do those reset steps look like exactly?'}, {'role': 'agent', 'content': 'Sure thing! To clear out any cached DNS entries, go into your network adapter properties (usually found under Device Manager) and select Properties > Advanced TCP/IP Settings. Then click Disconnect & Reconnect button. For Windows 10/Windows Server versions earlier than Vista, use Command Prompt instead. Type ipconfig /release followed by ipconfig /renew'}, {'role': 'customer', 'content': ""Got it. Okay, I'll give that a shot. Thanks so much!""}, {'role': 'agent', 'content': ""You're welcome! If the issue persists after trying those things, we may need to contact AT&T technical team directly. They've got some specialized knowledge that could help resolve the problem faster. Would you mind giving us their phone number please?""}, {'role': 'customer', 'content': ""Of course not. My number's 555-6789. Can't wait to hear back from them.""}, {'role': 'agent', 'content': ""Great choice, thank you! In the meantime, feel free to check the status of your connection again later today. We'll follow-up with you once we get back from technical assistance.""}]}","Temsilci: Merhaba, Union Mobile'a ulaşmaya çalıştığınız için teşekkür ederim. Ben Reginald'im, bugün size nasıl yardımcı olabileceğimi söyleyeyim?
Müşteri: Merhaba Reginald, 5G cihazım ile bazı sorunlarım var. İnternet bağlantısı kuramıyorum ve ne olduğunu bilmiyorum. Yardım edebilir misiniz?
Temsilci: Elbette, Gwen. Cihazımızın 5G'de sorunları yaşadığınızı duymaktan üzgünüm. Probleminiz hakkında biraz daha fazla bilgi vermenizi rica ederim. Cihazınızı yeniden başlatmış mıydiniz veya yazılım güncellemelerini kontrol ettiniz mi?
Müşteri: Evet, yeniden başlatmıştım ve güncellemeleri kontrol ettim, ama hiçbir şey işe yaramadı. Sadece internet bağlantısı yok diyen bir mesaj geliyor.
Temsilci: Anlaşılan, o zaman farklı bir şey olabilir. Lütfen, iyi 5G kapsama alanındayım mı? Sıklıkça zayıf bir sinyal alıyorum.
Müşteri: Evet, iyi bir kapsama alanındayım. Evimdeyim ve önceden hiç problem yaşamadım.
Temsilci: Tamam, o zaman cihazınızın veya hesabınızın bir sorun olabilir. Size teknik destek ekibimizi transfer edeceğim. Onlar daha fazla yardımcı olabilecek ve sorunu çözülecek.
Müşteri: Tamam, o zaman güzel. Teşekkür ederim, Reginald!
Temsilci: Rica ederim, Gwen. İnatçı bir durum için özür dilerim ve teknik destek ekibimizin sizin durumunu bildireceğiz. Onlar size kısa süre sonra yardımcı olacağız. Bugün daha fazla yardımcı olabileceğim bir şey var mı?
Müşteri: Hayır, o kadar. Teşekkür ederim!
Temsilci: Rica ederim, Gwen. İyi bir gün dilerim!
Müşteri: Merhaba, Reginald'den transfer edildi. 5G cihazım ile internet bağlantısı kuramıyorum.
Müşteri: Oh, o kadar! Teşekkür ederim için yardımı.
Müşteri: Hayır, o kadar. Teşekkür ederim!"
a7a6992ba56b43e584d0e3d735f080c2,Sales & New Service Inquiries,0.701407790184021,"{'messages': [{'role': 'agent', 'content': 'Hello, thank you for reaching Union Mobile. My name is Maryann, how can I assist you today?'}, {'role': 'agent', 'content': ""Of course, I'd be happy to help you with that. Can you please tell me a little bit more about your business and how you're looking using the data plan? This will help me better understand your needs and provide you with the most appropriate solution.""}, {'role': 'agent', 'content': 'I see. In that case, our business-grade data plan with mobile hotspot capabilities would definitely perfect for your business needs. Our mobile hotspot feature allows you to connect up to 10 devices at once, and our data plan offers a generous amount of high-speed data per month. Additionally, we offer a reliable and secure connection, ensuring that your team can work efficiently and safely on the road. Would you like me to walk you through the details of our plan and how pricing?'}, {'role': 'agent', 'content': ""Absolutely. Our mobile hotspot feature is compatible with most devices, including smartphones, tablets, laptops, and even some smartwatches. However, there may some few older devices that may not be compatible, so it's always best to check with us before purchasing a new device. As for restrictions, we do have some fair usage policies in place to ensure that all of our customers have a fair and equal share of our network resources. But don't worry, we'll work with you to make sure that your're getting the most out of your data plan without violating any of our policies.""}, {'role': 'agent', 'content': ""Sure thing! With our business-grade data plan, you'll also get access to our 24/7 technical support team, who can always available to help you troubles any issues or concerns you may have. We also offer a range of add-on features, such as international roaming and customhanced security measures, that can help tailor the plan to your specific business needs. And, of course, we have flexible billing options to fit your budget and payment schedule. Shall I go ahead and sign you up for the plan?""}, {'role': 'agent', 'content': ""Of course! I completely understand. I'll go ahead and schedule a call back with you for next Wednesday. Will that work for you?""}, {'role': 'agent', 'content': ""You're welcome, Karin. It was my pleasure to assist you. Have a great day!""}]}","{'messages': [{'role': 'customer', 'content': ""Hello, I'm calling because I have some concerns about my mobile data plan. Can you assist me?""}, {'role': 'agent', 'content': ""Of course! I'd be happy to help you resolve your issue. What seems to be causing concern for you specifically?""}, {'role': 'customer', 'content': ""Well, it's been quite expensive lately, especially when compared to other carriers. And there are also some limitations on how much data I can use.""}, {'role': 'agent', 'content': ""I understand completely. It sounds like you're experiencing financial difficulties due to high charges from our competitors. Let me see if we can find ways to address this without compromising your service quality.""}, {'role': 'customer', 'content': 'That would be great, thank you so much!'}]}","Müşteri: Merhaba, Union Mobile'a ulaştım. Ben Maryann, bugün size nasıl yardımcı olabileceğimi söyleyeyim?
Temsilci: Tabii ki, sizin işinize yardımcı olmak için mutluyum. Lütfen, size biraz daha fazla bilgi verin. İşinizle ilgili veri planını nasıl kullanmak istiyorsunuz? Bu, benim size uygun bir çözüm sunmak için benim için daha iyi bir anlayış oluşturacaktır.
Temsilci: Ah, anladım. O zaman, işimize uygun veri planımızla mobil hotspot özelliklerimiz sizin işiniz için kesinlikle uygun olacaktır. Mobil hotspot özelliklerimiz, 10 cihazın aynı anda bağlanmasını sağlar ve veri planımız, aylık yüksek hızda veri sağlar. Ayrıca, güvenilir ve güvenli bir bağlantı sunuyoruz, böylece sizin ekibiniz, yolculuk ederken de etkili ve güvenli bir şekilde çalışabilir. Detaylarımızı ve fiyatlarımızı size göstermek ister misiniz?
Temsilci: Elbette. Mobil hotspot özelliklerimiz, çoğu cihazla uyumlu, ancak bazı eski cihazlar, satın alınacak yeni bir cihazdan önce kontrol etmeniz gerekir. Kısıtlamalarımız, ağ kaynaklarımızın eşit ve adil bir şekilde paylaşılmasını sağlamak için var. Ancak, sizin için en iyi şekilde yararlanmanızı sağlamak için birlikte çalışacağız. Sizin veri planınızın sınırlarını ihlal etmeden.
Temsilci: Tabii ki! İşimize uygun veri planımızla, 24/7 teknik destek ekibimize erişim kazandığınız, her zaman size yardımcı olacağız. Ayrıca, uluslararası roaming ve özel güvenlik tedbirleri gibi ek özellikler sunuyoruz, sizin işiniz için özel olarak ayarlanabilir. Ve tabii ki, bütçenize ve ödeme takviminize göre esnek ödeme seçeneklerimiz var. Planı imzalamak için size çağrım mı?
Temsilci: Tabii ki! Anladım. Bir sonraki Çarşamba günü için size tekrar arama planlıyorum. Bu sizin için uygun mu?
Temsilci: Hoşça kalın, Karin. Size yardımcı olmak için mutluyum. Günaydın!"
